date,open,high,low,close,volume,tenkan_sen,kijun_sen,senkou_span_a,senkou_span_b,chikou_span,switch_komu,price_action,previous_price_action,predicted_trend
2024-07-10,58033.883,59359.434,57178.414,57742.496,26175260526,,,,,57742.496,0,,0.0,Neutral
2024-07-11,57729.891,59299.434,57120.379,57344.914,28707803842,,,,,57344.914,0,,0.0,Neutral
2024-07-12,57341.195,58532.555,56590.176,57899.465,25604805221,,,,,57899.465,0,,0.0,Neutral
2024-07-13,57908.738,59787.078,57796.441,59231.953,17080061806,,,,,59231.953,0,,0.0,Neutral
2024-07-14,59225.25,61329.527,59225.25,60787.793,22223416061,,,,,60787.793,0,,0.0,Neutral
2024-07-15,60815.457,64870.152,60704.93,64870.152,38094526099,,,,,64870.152,0,,0.0,Neutral
2024-07-16,64784.418,65354.34,62487.969,65097.148,41617346768,,,,,65097.148,0,,0.0,Neutral
2024-07-17,65091.832,66066.734,63896.086,64118.793,32525071311,,,,,64118.793,0,,0.0,Neutral
2024-07-18,64104.738,65104.66,63246.164,63974.066,27239305337,61328.455,,,,63974.066,0,,0.0,Neutral
2024-07-19,63972.324,67442.641,63329.344,66710.156,37003855410,62016.409,,,,66710.156,0,,0.0,Neutral
2024-07-20,66709.922,67610.734,66299.617,67163.648,19029581250,62100.455,,,,67163.648,0,,0.0,Neutral
2024-07-21,67164.914,68372.906,65842.297,68154.523,26652190004,63084.674,,,,68154.523,0,,0.0,Neutral
2024-07-22,68152.977,68480.062,66611.297,67585.25,42649109453,63852.656,,,,67585.25,0,,0.0,Neutral
2024-07-23,67584.805,67779.016,65484.461,65927.672,35605668666,64592.496,,,,65927.672,0,,0.0,Neutral
2024-07-24,65927.859,67113.984,65146.996,65372.133,27470942309,65484.016,,,,65372.133,0,,0.0,Neutral
2024-07-25,65375.875,66112.422,63473.473,65777.227,38315761670,65863.113,,,,65777.227,0,,0.0,Neutral
2024-07-26,65771.812,68207.602,65743.766,67912.062,30488630457,65863.113,,,,67912.062,0,,0.0,Neutral
2024-07-27,67911.812,69398.508,66705.219,67813.336,34691905492,66363.926,,,,67813.336,0,,0.0,Neutral
2024-07-28,67808.656,68301.852,67085.828,68255.867,18043166945,66435.99,,,,68255.867,0,,0.0,Neutral
2024-07-29,68259.055,69987.539,66532.594,66819.914,40780682628,66730.506,,,,66819.914,0,,0.0,Neutral
2024-07-30,66819.055,66987.672,65323.191,66201.016,31380492109,66730.506,,,,66201.016,0,,0.0,Neutral
2024-07-31,66201.273,66810.211,64532.047,64619.25,31292785994,66730.506,,,,64619.25,0,,0.0,Neutral
2024-08-01,64625.84,65593.242,62248.941,65357.5,40975554494,66118.24,,,,65357.5,0,,0.0,Neutral
2024-08-02,65353.5,65523.223,61184.895,61415.066,43060875727,65586.217,,,,61415.066,0,,0.0,Neutral
2024-08-03,61414.809,62148.371,59836.527,60680.094,31753030589,64912.033,,,,60680.094,0,,0.0,Neutral
2024-08-04,60676.094,61062.988,57210.805,58116.977,31758917219,63599.172,63288.858,63444.015,,58116.977,0,,0.0,Neutral
2024-08-05,58110.297,58268.828,49121.238,53991.457,108991085584,59554.388,59554.388,59554.388,,53991.457,0,,0.0,Neutral
2024-08-06,53991.348,57059.918,53973.273,56034.316,49300484106,59554.388,59554.388,59554.388,,56034.316,0,,0.0,Neutral
2024-08-07,56040.633,57726.883,54620.508,55027.461,41637562185,58054.455,59554.388,58804.422,,55027.461,0,,0.0,Neutral
2024-08-08,55030.027,62673.766,54766.727,61710.137,45298472567,57965.724,59554.388,58760.056,,61710.137,0,,0.0,Neutral
2024-08-09,61728.207,61751.863,59587.859,60880.113,33425553115,57357.24,59554.388,58455.814,,60880.113,0,,0.0,Neutral
2024-08-10,60881.23,61464.512,60287.566,60945.812,15745822278,57322.23,59554.388,58438.31,,60945.812,0,,0.0,Neutral
2024-08-11,60944.891,61778.66,58348.824,58719.484,22759754812,55897.502,59554.388,57725.945,,58719.484,0,57725.945,0.0,Neutral
2024-08-12,58719.395,60680.332,57688.898,59354.516,37078637820,55897.502,59554.388,57725.945,,59354.516,0,57725.945,0.0,Neutral
2024-08-13,59356.207,61572.398,58506.254,60609.566,30327698167,55897.502,59554.388,57725.945,,60609.566,0,57725.945,0.0,Neutral
2024-08-14,60611.051,61687.758,58472.875,58737.27,29961696180,58323.52,59554.388,58938.954,,58737.27,0,57725.945,0.0,Neutral
2024-08-15,58733.262,59838.648,56161.594,57560.098,35682112440,58647.137,59554.388,59100.763,,57560.098,0,57725.945,0.0,Neutral
2024-08-16,57560.273,59847.359,57110.02,58894.105,29350938673,58720.246,59554.388,59137.318,,58894.105,0,57725.945,0.0,Neutral
2024-08-17,58893.531,59694.668,58814.832,59478.973,13589684021,58970.127,59554.388,59262.258,,59478.973,0,57725.945,0.0,Neutral
2024-08-18,59468.133,60262.719,58445.402,58483.965,17740625837,58970.127,59554.388,59262.258,,58483.965,0,57725.945,0.0,Neutral
2024-08-19,58480.711,59612.66,57864.711,59493.453,25911207712,58970.127,59554.388,59262.258,,59493.453,0,57725.945,0.0,Neutral
2024-08-20,59493.453,61396.328,58610.883,59012.793,31613400008,58924.676,59554.388,59239.532,,59012.793,0,57725.945,0.0,Neutral
2024-08-21,59014.988,61834.352,58823.445,61175.191,32731154072,58997.973,59554.388,59276.181,,61175.191,0,57725.945,0.0,Neutral
2024-08-22,61168.316,61408.109,59815.254,60381.914,27625734377,58997.973,59554.388,59276.181,,60381.914,0,57725.945,0.0,Neutral
2024-08-23,60380.953,64947.062,60372.051,64094.355,42530509233,60554.328,59554.388,60054.358,,64094.355,0,57725.945,0.0,Neutral
2024-08-24,64103.871,64513.789,63619.918,64178.992,21430585163,61028.541,58054.455,59541.498,,64178.992,0,57725.945,0.0,Neutral
2024-08-25,64176.367,64996.422,63833.52,64333.543,18827683555,61430.566,57965.724,59698.146,,64333.543,0,57725.945,0.0,Neutral
2024-08-26,64342.227,64489.707,62849.559,62880.66,27682040631,61430.566,57357.24,59393.903,,62880.66,0,57725.945,0.0,Neutral
2024-08-27,62879.707,63210.797,58116.75,59504.133,39103882198,61430.566,57322.23,59376.398,,59504.133,0,57725.945,0.0,Neutral
2024-08-28,59507.926,60236.449,57890.676,59027.625,40289564698,61443.549,57058.83,59251.19,,59027.625,0,57725.945,0.0,Neutral
2024-08-29,59027.469,61184.082,58786.227,59388.18,32224990582,61443.549,57058.83,59251.19,,59388.18,0,57725.945,0.0,Neutral
2024-08-30,59388.602,59896.887,57768.531,59119.477,32292756405,61382.477,57058.83,59220.653,59554.388,59119.477,0,57725.945,0.0,Neutral
2024-08-31,59117.48,59432.594,58768.785,58969.898,12403470760,61382.477,59484.848,60433.662,59554.388,58969.898,1,57725.945,0.0,Neutral
2024-09-01,58969.801,59062.07,57217.824,57325.488,24592449997,61107.123,59808.465,60457.794,59554.388,57325.488,0,57725.945,0.0,Neutral
2024-09-02,57326.969,59403.07,57136.027,59112.48,27036454524,61066.224,59881.574,60473.9,59554.388,59112.48,0,57725.945,0.0,Neutral
2024-09-03,59106.191,59815.059,57425.168,57431.023,26666961053,60812.867,60579.008,60695.938,59554.388,57431.023,0,60695.938,57725.945,Neutral
2024-09-04,57430.348,58511.57,55673.164,57971.539,35627680312,59441.98,60334.793,59888.387,59554.388,57971.539,0,60695.938,57725.945,Neutral
2024-09-05,57971.703,58300.582,55712.453,56160.488,31030280656,58428.623,60334.793,59381.708,59554.388,56160.488,-1,60695.938,57725.945,Neutral
2024-09-06,56160.191,56976.109,52598.699,53948.754,49361693566,56891.39,58797.56,57844.476,59554.388,53948.754,0,60695.938,57725.945,Neutral
2024-09-07,53949.086,54838.145,53740.07,54139.688,19061486526,56247.793,58797.56,57522.677,59554.388,54139.688,0,60695.938,57725.945,Neutral
2024-09-08,54147.934,55300.859,53653.758,54841.566,18268287531,56206.879,58797.56,57502.22,59554.388,54841.566,0,60695.938,57725.945,Neutral
2024-09-09,54851.887,58041.125,54598.434,57019.535,34618096173,56206.879,58797.56,57502.22,59554.388,57019.535,0,60695.938,57725.945,Neutral
2024-09-10,57020.098,58029.977,56419.414,57648.711,28857630507,56206.879,58797.56,57502.22,59554.388,57648.711,0,60695.938,57725.945,Neutral
2024-09-11,57650.289,57991.32,55567.34,57343.172,37049062672,56206.879,58797.56,57502.22,59554.388,57343.172,0,60695.938,57725.945,Neutral
2024-09-12,57343.172,58534.359,57330.102,58127.012,33835707949,55566.529,58797.56,57182.045,59554.388,58127.012,0,57182.045,60695.938,Neutral
2024-09-13,58130.324,60648.023,57650.113,60571.301,32490528356,56623.361,58797.56,57710.461,59554.388,60571.301,0,57182.045,60695.938,Neutral
2024-09-14,60569.117,60656.723,59517.883,60005.121,16428405496,56627.711,58797.56,57712.636,59554.388,60005.121,0,57182.045,60695.938,Neutral
2024-09-15,60000.727,60381.918,58696.309,59182.836,18120960867,57155.24,58797.56,57976.4,59554.388,59182.836,0,57182.045,60695.938,Neutral
2024-09-16,59185.227,59205.512,57501.34,58192.508,32032822113,57155.24,58797.56,57976.4,59554.388,58192.508,0,57182.045,60695.938,Neutral
2024-09-17,58192.508,61316.09,57628.07,60308.539,38075570118,57957.262,58797.56,58377.411,59554.388,60308.539,0,57182.045,60695.938,Neutral
2024-09-18,60309.0,61664.066,59218.254,61649.68,40990702891,58615.703,58797.56,58706.632,59554.388,61649.68,0,57182.045,60695.938,Neutral
2024-09-19,61651.156,63872.441,61609.867,62940.457,42710252573,59719.89,58797.56,59258.726,58054.455,62940.457,1,57182.045,60695.938,Neutral
2024-09-20,62941.426,64119.531,62364.605,63192.977,35177164222,60724.816,58544.203,59634.51,57965.724,63192.977,0,57182.045,60695.938,Neutral
2024-09-21,63184.34,63543.359,62783.105,63394.84,14408616220,60810.436,58359.115,59584.775,57357.24,63394.84,0,57182.045,60695.938,Neutral
2024-09-22,63396.805,63993.422,62440.727,63648.711,20183348802,60810.436,58359.115,59584.775,57322.23,63648.711,0,57182.045,60695.938,Neutral
2024-09-23,63643.102,64733.559,62628.078,63329.801,31400285425,61117.45,58666.129,59891.789,57058.83,63329.801,0,57182.045,60695.938,Neutral
2024-09-24,63326.84,64695.215,62737.418,64301.969,29938335243,61117.45,58666.129,59891.789,57058.83,64301.969,0,57182.045,60695.938,Neutral
2024-09-25,64302.59,64804.504,62945.375,63143.145,25078377700,61216.287,58701.602,59958.944,57058.83,63143.145,0,57182.045,60695.938,Neutral
2024-09-26,63138.547,65790.797,62669.27,65181.02,36873129847,62504.526,59194.748,60849.637,59194.748,65181.02,0,57182.045,60695.938,Neutral
2024-09-27,65180.664,66480.695,64852.992,65790.664,32058813449,64045.281,59539.697,61792.489,59539.697,65790.664,0,57182.045,60695.938,Neutral
2024-09-28,65792.18,66255.531,65458.035,65887.648,15243637984,64422.65,59539.697,61981.174,59539.697,65887.648,0,57182.045,60695.938,Neutral
2024-09-29,65888.898,66069.344,65450.016,65635.305,14788214575,64460.711,59539.697,62000.204,59539.697,65635.305,0,57182.045,60695.938,Neutral
2024-09-30,65634.656,65635.055,62873.617,63329.5,37112957475,64460.711,59539.697,62000.204,59539.697,63329.5,0,57182.045,60695.938,Neutral
2024-10-01,63335.605,64110.98,60189.277,60837.008,50220923500,63334.986,59539.697,61437.342,59539.697,60837.008,0,57182.045,60695.938,Neutral
2024-10-02,60836.324,62357.688,59996.949,60632.785,40762722398,63238.822,60067.227,61653.024,59539.697,60632.785,0,57182.045,60695.938,Neutral
2024-10-03,60632.484,61469.039,59878.805,60759.402,36106447279,63179.75,60067.227,61623.488,59539.697,60759.402,0,57182.045,60695.938,Neutral
2024-10-04,60754.625,62465.992,60459.941,62067.477,29585472513,63179.75,60539.565,61859.657,59539.697,62067.477,0,57182.045,60695.938,Neutral
2024-10-05,62067.609,62371.023,61689.582,62089.949,13305410749,63179.75,61024.018,62101.884,59539.697,62089.949,0,57182.045,60695.938,Bullish
2024-10-06,62084.988,62959.57,61833.148,62818.953,14776233667,63067.168,61024.018,62045.593,59539.697,62818.953,0,57182.045,60695.938,Bullish
2024-10-07,62819.109,64443.707,62152.551,62236.66,34253562610,62974.074,61905.398,62439.736,59539.697,62236.66,0,57182.045,60695.938,Bullish
2024-10-08,62221.645,63174.305,61843.562,62131.969,28134475157,62756.93,61991.018,62373.974,59539.697,62131.969,0,57182.045,60695.938,Bullish
2024-10-09,62131.727,62508.836,60314.613,60582.102,27670982363,62161.256,61991.018,62076.137,59539.697,60582.102,0,57182.045,60695.938,Bullish
2024-10-10,60581.93,61236.723,58895.207,60274.5,30452813570,61669.457,61991.018,61830.237,59539.697,60274.5,0,57182.045,60695.938,Bullish
2024-10-11,60275.461,63400.871,60046.125,62445.09,30327141594,61669.457,61991.018,61830.237,59539.697,62445.09,0,57182.045,60695.938,Bullish
2024-10-12,62444.617,63448.785,62443.27,63193.023,16744110886,61669.457,62054.383,61861.92,59539.697,63193.023,0,57182.045,60695.938,Bullish
2024-10-13,63192.945,63272.652,62035.637,62851.375,18177529690,61669.457,62687.951,62178.704,59539.697,62851.375,0,57182.045,60695.938,Bullish
2024-10-14,62848.398,66482.492,62442.152,66046.125,43706958056,62688.85,62688.85,62688.85,59540.595,66046.125,0,57182.045,60695.938,Bullish
2024-10-15,66050.367,67881.68,64809.195,67041.109,48863870879,63388.443,63388.443,63388.443,60240.189,67041.109,0,57182.045,60695.938,Bullish
2024-10-16,67042.461,68375.289,66758.727,67612.719,38195189534,63635.248,63635.248,63635.248,60486.994,67612.719,0,57182.045,60695.938,Bullish
2024-10-17,67617.078,67912.211,66647.391,67399.836,32790898511,63635.248,63635.248,63635.248,60486.994,67399.836,0,57182.045,60695.938,Bullish
2024-10-18,67419.109,68969.75,67177.82,68418.789,36857165014,63932.478,63932.478,63932.478,60784.224,68418.789,0,57182.045,60695.938,Bullish
2024-10-19,68418.977,68668.008,68024.641,68362.734,14443497908,64507.938,63932.478,64220.208,60784.224,68362.734,0,57182.045,60695.938,Bullish
2024-10-20,68364.18,69359.008,68105.719,69001.703,18975847518,65697.323,64127.108,64912.215,60978.854,69001.703,0,57182.045,60695.938,Bullish
2024-10-21,69002.0,69462.734,66829.852,67367.852,37498611780,65749.185,64178.97,64964.078,61030.716,67367.852,0,57182.045,60695.938,Bullish
2024-10-22,67360.703,67801.578,66581.367,67361.406,31808472566,65952.443,64178.97,65065.707,61030.716,67361.406,0,57182.045,60695.938,Bullish
2024-10-23,67362.375,67402.742,65188.035,66432.195,32263980353,67135.964,64178.97,65657.468,61030.716,66432.195,0,57182.045,60695.938,Bullish
2024-10-24,66653.703,68798.961,66454.102,68161.055,31414428647,67325.384,64178.97,65752.177,61030.716,68161.055,0,57182.045,60695.938,Bullish
2024-10-25,68165.297,68722.156,65521.793,66642.414,41469984306,67325.384,64178.97,65752.177,61030.716,66642.414,0,57182.045,60695.938,Bullish
2024-10-26,66628.734,67317.922,66360.594,67014.695,19588098156,67325.384,64178.97,65752.177,61030.716,67014.695,0,57182.045,60695.938,Bullish
2024-10-27,67023.477,68221.312,66847.227,67929.297,16721307878,67325.384,64178.97,65752.177,61030.716,67929.297,0,57182.045,60695.938,Bullish
2024-10-28,67922.672,70212.266,67535.133,69907.758,38799856657,67700.15,64553.736,66126.943,61933.012,69907.758,0,57182.045,60695.938,Bullish
2024-10-29,69910.047,73577.211,69729.914,72720.492,58541874402,69382.623,66236.209,67809.416,63615.484,72720.492,0,57182.045,60695.938,Bullish
2024-10-30,72715.367,72905.297,71411.734,72339.539,40646637831,69382.623,66236.209,67809.416,64087.822,72339.539,0,57182.045,60695.938,Bullish
2024-10-31,72335.047,72662.312,69590.5,70215.188,40627912076,69382.623,66236.209,67809.416,64572.275,70215.188,0,57182.045,60695.938,Bullish
2024-11-01,70216.898,71559.016,68779.703,69482.469,49989795365,69549.502,66236.209,67892.856,64572.275,69482.469,0,57182.045,60695.938,Bullish
2024-11-02,69486.023,69867.352,69033.719,69289.273,18184612091,69549.502,66236.209,67892.856,65453.656,69289.273,0,57182.045,60695.938,Bullish
2024-11-03,69296.383,69361.656,67482.523,68741.117,34868307655,69968.902,66236.209,68102.556,65539.275,68741.117,0,57182.045,60695.938,Bullish
2024-11-04,68742.133,69433.18,66803.648,67811.508,41184819348,70190.43,66236.209,68213.319,65539.275,67811.508,0,57182.045,60695.938,Bullish
2024-11-05,67811.172,70522.789,67458.867,69359.562,46046889204,70190.43,66811.668,68501.049,65539.275,69359.562,0,57182.045,60695.938,Bullish
2024-11-06,69358.5,76460.156,69322.031,75639.078,118592653963,71631.902,69247.896,70439.899,66980.748,75639.078,0,57182.045,60695.938,Bullish
2024-11-07,75637.086,76943.117,74480.422,75904.859,63467654989,71873.382,69489.377,70681.38,67285.594,75904.859,0,57182.045,60695.938,Bullish
2024-11-08,75902.836,77252.75,75648.742,76545.477,55176858003,72028.199,69847.451,70937.825,68073.978,76545.477,0,57182.045,60695.938,Bullish
2024-11-09,76556.188,76932.766,75773.789,76778.867,29009480361,72028.199,71030.972,71529.586,68073.978,76778.867,0,57182.045,60695.938,Bullish
2024-11-10,76775.547,81474.422,76565.43,80474.188,82570594495,74139.035,73331.228,73735.132,70184.815,80474.188,0,57182.045,60695.938,Bullish
2024-11-11,80471.414,89604.5,80283.25,88701.484,117966845037,78204.074,77396.268,77800.171,74249.854,88701.484,0,57182.045,60695.938,Bullish
2024-11-12,88705.562,89956.883,85155.109,87955.812,133673285375,78380.266,77572.459,77976.362,74426.045,87955.812,0,57182.045,60695.938,Bullish
2024-11-13,87929.969,93434.352,86256.93,90584.164,123559027869,80446.609,79311.194,79878.902,76164.78,90584.164,0,57182.045,60695.938,Bullish
2024-11-14,90574.883,91765.219,86682.812,87250.43,87616705248,81378.192,79311.194,80344.692,76164.78,87250.43,0,57182.045,60695.938,Bullish
2024-11-15,87284.18,91868.742,87124.898,91066.008,78243109518,83957.387,79311.194,81634.29,76164.78,91066.008,0,57182.045,60695.938,Bullish
2024-11-16,91064.367,91763.945,90094.227,90558.477,44333192814,84541.547,79311.194,81926.37,76164.78,90558.477,0,57182.045,60695.938,Bullish
2024-11-17,90558.461,91433.039,88741.664,89845.852,46350159305,84604.07,79311.194,81957.632,76164.78,89845.852,0,57182.045,60695.938,Bullish
2024-11-18,89843.719,92596.789,89393.594,90542.641,75535775084,84999.891,79478.072,82238.982,76164.78,90542.641,0,57182.045,60695.938,Bullish
2024-11-19,90536.812,94002.867,90426.984,92343.789,74521048295,87143.058,79762.33,83452.694,76449.037,92343.789,0,57182.045,60695.938,Bullish
2024-11-20,92341.891,94902.023,91619.5,94339.492,71730956426,90028.566,80631.308,85329.937,76898.615,94339.492,0,57182.045,60695.938,Bullish
2024-11-21,94334.641,99014.219,94132.602,98504.727,106024505582,92635.574,82908.934,87772.254,78954.713,98504.727,0,57182.045,60695.938,Bullish
2024-11-22,98496.43,99655.5,97222.664,98997.664,78473580551,93169.156,83229.574,88199.365,79275.354,98997.664,0,57182.045,60695.938,Bullish
2024-11-23,99006.742,99014.68,97232.891,97777.281,44414644677,93390.199,83229.574,88309.886,79275.354,97777.281,0,57182.045,60695.938,Bullish
2024-11-24,97778.094,98647.18,95788.078,98013.82,51712020623,94198.582,83229.574,88714.078,79275.354,98013.82,0,57182.045,60695.938,Bullish
2024-11-25,98033.445,98935.031,92642.914,93102.297,80909462490,94198.582,83229.574,88714.078,79275.354,93102.297,0,57182.045,60695.938,Bullish
2024-11-26,93087.281,94991.75,90770.812,91985.32,91656519855,94524.547,83229.574,88877.06,79275.354,91985.32,0,57182.045,60695.938,Bullish
2024-11-27,91978.141,97361.18,91778.664,95962.531,71133452438,95041.242,83229.574,89135.408,79275.354,95962.531,0,57182.045,60695.938,Bullish
2024-11-28,95954.945,96650.203,94677.352,95652.469,52260008261,95213.156,83229.574,89221.365,79275.354,95652.469,0,57182.045,60695.938,Bullish
2024-11-29,95653.953,98693.172,95407.883,97461.523,54968682476,95213.156,83229.574,89221.365,79275.354,97461.523,0,57182.045,60695.938,Bullish
2024-11-30,97468.812,97499.344,96144.219,96449.055,31634227866,95213.156,83557.184,89385.17,79275.354,96449.055,0,57182.045,60695.938,Bullish
2024-12-01,96461.336,97888.125,95770.188,97279.789,36590695296,94892.746,84488.766,89690.756,79850.812,97279.789,0,57182.045,60695.938,Bullish
2024-12-02,97276.008,98152.602,94482.867,95865.305,72680784305,94852.922,87067.961,90960.441,80845.568,95865.305,0,57182.045,60695.938,Bullish
2024-12-03,95854.594,96297.203,93629.562,96002.164,67067810961,94852.922,87652.121,91252.521,80845.568,96002.164,0,57182.045,60695.938,Bullish
2024-12-04,95988.531,99207.328,94660.523,98768.531,77199817112,94989.07,87714.644,91351.857,81048.826,98768.531,0,57182.045,60695.938,Bullish
2024-12-05,98741.539,103900.469,91998.781,96593.57,149218945580,97839.566,90232.949,94036.258,84354.832,96593.57,0,57182.045,60695.938,Bullish
2024-12-06,97074.227,102039.883,96514.875,99920.711,94534772658,97949.625,92091.859,95020.742,84544.252,99920.711,0,57182.045,60695.938,Bullish
2024-12-07,99916.711,100563.383,99030.883,99923.336,44177510897,97949.625,94527.789,96238.707,84544.252,99923.336,0,57182.045,60695.938,Bullish
2024-12-08,99921.914,101399.992,98771.516,101236.016,44125751925,97949.625,95078.699,96514.162,84544.252,101236.016,0,57182.045,60695.938,Bullish
2024-12-09,101237.062,101272.508,94355.914,97432.719,110676473908,97949.625,95291.641,96620.633,84544.252,97432.719,0,57182.045,60695.938,Bullish
2024-12-10,97441.234,98270.156,94321.258,96675.43,104823780634,97949.625,95512.684,96731.154,84544.252,96675.43,0,57182.045,60695.938,Bullish
2024-12-11,96656.062,101913.359,95747.227,101173.031,85391409936,97949.625,96321.066,97135.346,84544.252,101173.031,0,57182.045,60695.938,Bullish
2024-12-12,101167.805,102524.914,99339.953,100043.0,72073983533,97949.625,96321.066,97135.346,84544.252,100043.0,0,57182.045,60695.938,Bullish
2024-12-13,100046.648,101888.805,99233.281,101459.258,56894751583,97949.625,96647.032,97298.328,84544.252,101459.258,0,57182.045,60695.938,Bullish
2024-12-14,101451.438,102618.883,100634.055,101372.969,40422968793,98470.07,97163.726,97816.898,84711.131,101372.969,0,57182.045,60695.938,Bullish
2024-12-15,101373.531,105047.539,101227.031,104298.695,51145914137,99684.399,97909.176,98796.787,85284.666,104298.695,0,57182.045,60695.938,Bullish
2024-12-16,104293.578,107780.578,103322.984,106029.719,91020417816,101050.918,99275.695,100163.306,87070.586,106029.719,0,57182.045,60695.938,Bullish
2024-12-17,106030.688,108268.445,105291.734,106140.602,68589364868,101294.852,99519.628,100407.24,87536.046,106140.602,0,57182.045,60695.938,Bullish
2024-12-18,106147.297,106470.609,100041.539,100041.539,93865656139,101294.852,99519.628,100407.24,87536.046,100041.539,0,57182.045,60695.938,Bullish
2024-12-19,100070.688,102748.148,95587.68,97490.953,97221662392,101928.062,99519.628,100723.846,87536.046,97490.953,0,100723.846,57182.045,Neutral
2024-12-20,97484.695,98098.914,92175.18,97755.93,105634083408,100221.812,99519.628,99870.72,87536.046,97755.93,0,100723.846,57182.045,Neutral
2024-12-21,97756.195,99507.102,96426.523,97224.727,51765334294,100221.812,99519.628,99870.72,87536.046,97224.727,0,100723.846,57182.045,Neutral
2024-12-22,97218.32,97360.266,94202.188,95104.938,43147981314,100221.812,100023.554,100122.684,87536.046,95104.938,0,100723.846,57182.045,Neutral
2024-12-23,95099.391,96416.211,92403.133,94686.242,65239002919,100221.812,100133.613,100177.713,87536.046,94686.242,0,100723.846,57182.045,Neutral
2024-12-24,94684.344,99404.062,93448.016,98676.094,47114953674,100221.812,100133.613,100177.713,87536.046,98676.094,0,100723.846,57182.045,Neutral
2024-12-25,98675.914,99478.75,97593.469,99299.195,33700394629,100221.812,100133.613,100177.713,87536.046,99299.195,0,100723.846,57182.045,Neutral
2024-12-26,99297.695,99884.57,95137.883,95795.516,47054980873,99322.894,100133.613,99728.254,87863.656,95795.516,0,100723.846,57182.045,Neutral
2024-12-27,95704.977,97294.844,93310.742,94164.859,52419934565,97461.664,100133.613,98797.638,88795.238,94164.859,0,100723.846,57182.045,Neutral
2024-12-28,94160.188,95525.898,94014.289,95163.93,24107436185,96029.875,100133.613,98081.744,91374.434,95163.93,0,100723.846,57182.045,Neutral
2024-12-29,95174.055,95174.875,92881.789,93530.227,29635885267,96143.852,100133.613,98138.732,91958.594,93530.227,0,100723.846,57182.045,Neutral
2024-12-30,93527.195,94903.32,91317.133,92643.211,56188003691,95600.852,99792.789,97696.82,92021.117,92643.211,0,100723.846,57182.045,Neutral
2024-12-31,92643.25,96090.602,91914.031,93429.203,43625106843,95600.852,99792.789,97696.82,92416.938,93429.203,0,100723.846,57182.045,Neutral
2025-01-01,93425.102,94929.867,92788.125,94419.758,24519888919,95600.852,99792.789,97696.82,94275.848,94419.758,0,100723.846,57182.045,Neutral
2025-01-02,94416.289,97739.82,94201.57,96886.875,46009564411,95600.852,99792.789,97696.82,96711.777,96886.875,0,100723.846,57182.045,Neutral
2025-01-03,96881.727,98956.914,96034.617,98107.43,35611391163,95600.852,99792.789,97696.82,97262.688,98107.43,0,100723.846,57182.045,Neutral
2025-01-04,98106.992,98734.43,97562.977,98236.227,22342608078,95137.024,99792.789,97464.906,97475.628,98236.227,-1,100723.846,57182.045,Neutral
2025-01-05,98233.906,98813.305,97291.766,98314.961,20525254825,95137.024,99792.789,97464.906,97696.672,98314.961,0,100723.846,57182.045,Neutral
2025-01-06,98314.953,102482.875,97926.148,102078.086,51823432705,96900.004,99792.789,98346.396,98505.054,102078.086,0,100723.846,57182.045,Neutral
2025-01-07,102248.852,102712.484,96132.875,96922.703,58685738547,97014.808,99792.789,98403.799,98505.054,96922.703,0,100723.846,57182.045,Neutral
2025-01-08,96924.164,97258.32,92525.844,95043.523,63875859171,97313.258,99792.789,98553.023,98831.02,95043.523,0,100723.846,57182.045,Neutral
2025-01-09,95043.484,95349.719,91220.844,92484.039,62777261693,96966.664,99744.644,98355.654,99347.714,92484.039,0,100723.846,57182.045,Neutral
2025-01-10,92494.492,95770.609,92250.094,94701.453,62058693684,96966.664,99744.644,98355.654,99519.628,94701.453,0,100723.846,57182.045,Neutral
2025-01-11,94700.836,94977.688,93840.047,94566.594,18860894100,96966.664,99744.644,98355.654,99519.628,94566.594,0,100723.846,57182.045,Neutral
2025-01-12,94565.727,95367.539,93712.508,94488.438,20885130965,96966.664,98845.726,97906.195,99519.628,94488.438,0,100723.846,57182.045,Neutral
2025-01-13,94488.891,95837.0,89260.102,94516.523,72978998252,95986.293,96004.125,95995.209,98764.274,94516.523,0,100723.846,57182.045,Neutral
2025-01-14,94519.008,97352.664,94322.156,96534.047,53769675818,95986.293,95986.293,95986.293,98764.274,96534.047,0,100723.846,57182.045,Neutral
2025-01-15,96534.047,100697.234,96501.641,100504.492,57805923627,95986.293,95986.293,95986.293,98764.274,100504.492,0,100723.846,57182.045,Neutral
2025-01-16,100505.297,100781.586,97364.445,99756.906,54103781805,95020.844,95986.293,95503.568,98764.274,99756.906,0,95503.568,100723.846,Neutral
2025-01-17,100025.766,105884.227,99948.906,104462.039,71888972663,97572.164,97572.164,97572.164,98764.274,104462.039,0,95503.568,100723.846,Neutral
2025-01-18,104124.953,104913.203,102226.617,104408.07,50445655726,97572.164,97572.164,97572.164,98764.274,104408.07,0,95503.568,100723.846,Neutral
2025-01-19,104411.289,106299.797,99570.531,101089.609,76789928525,97779.95,97779.95,97779.95,98764.274,101089.609,0,95503.568,100723.846,Neutral
2025-01-20,101083.75,109114.883,99471.359,102016.664,126279678351,99187.492,99187.492,99187.492,99187.492,102016.664,0,95503.568,100723.846,Neutral
2025-01-21,102052.578,107180.922,100103.953,106146.266,88733878242,99187.492,99187.492,99187.492,99187.492,106146.266,0,95503.568,100723.846,Neutral
2025-01-22,106136.383,106294.344,103360.266,103653.07,53878181052,101718.52,99187.492,100453.006,99187.492,103653.07,1,95503.568,100723.846,Neutral
2025-01-23,103657.672,106820.328,101257.805,103960.172,104104515428,102808.262,99187.492,100997.877,99187.492,103960.172,0,95503.568,100723.846,Neutral
2025-01-24,103965.672,107098.547,102772.125,104819.484,52388229265,103239.664,99187.492,101213.578,99187.492,104819.484,0,95503.568,100723.846,Neutral
2025-01-25,104824.031,105243.789,104120.375,104714.648,23888996502,104293.121,99187.492,101740.307,99187.492,104714.648,0,101740.307,95503.568,Neutral
2025-01-26,104713.211,105438.648,102507.711,102682.5,22543395879,104293.121,99187.492,101740.307,99187.492,102682.5,0,101740.307,95503.568,Neutral
2025-01-27,102680.305,103214.109,97795.938,102087.688,89006608428,103455.41,99187.492,101321.452,99187.492,102087.688,0,101740.307,95503.568,Neutral
2025-01-28,102095.414,103730.82,100238.188,101332.477,47180685494,103455.41,99187.492,101321.452,99187.492,101332.477,0,101740.307,95503.568,Neutral
2025-01-29,101317.523,104750.805,101283.82,103703.211,47432049818,102488.43,99187.492,100837.961,99187.492,103703.211,0,101740.307,95503.568,Neutral
2025-01-30,103709.336,106418.766,103321.648,104735.305,41915744521,102447.242,99187.492,100817.368,99187.492,104735.305,0,101740.307,95503.568,Neutral
2025-01-31,104737.562,106026.352,101543.883,102405.023,45732764360,102447.242,99187.492,100817.368,99187.492,102405.023,0,101740.307,95503.568,Neutral
2025-02-01,102402.797,102755.727,100297.711,100655.906,27757944848,102447.242,99187.492,100817.368,99187.492,100655.906,0,101740.307,95503.568,Neutral
2025-02-02,100661.539,101430.664,96216.078,97688.977,63091816853,101317.422,99187.492,100252.457,99187.492,97688.977,0,101740.307,95503.568,Neutral
2025-02-03,97681.102,102514.172,91242.891,101405.422,115400897748,98830.828,99187.492,99009.16,99187.492,101405.422,-1,99009.16,101740.307,Neutral
2025-02-04,101398.719,101745.617,96208.109,97871.82,73002130211,98830.828,99187.492,99009.16,99187.492,97871.82,0,99009.16,101740.307,Neutral
2025-02-05,97878.008,99113.211,96174.828,96615.445,49125911241,98830.828,99187.492,99009.16,99187.492,96615.445,0,99009.16,101740.307,Neutral
2025-02-06,96610.641,99168.609,95707.352,96593.297,45302471947,98830.828,99187.492,99009.16,99187.492,96593.297,0,99009.16,101740.307,Neutral
2025-02-07,96581.32,100154.141,95653.883,96529.086,55741290456,98830.828,99187.492,99009.16,99187.492,96529.086,0,99009.16,101740.307,Neutral
2025-02-08,96533.258,96877.805,95702.492,96482.453,22447526395,98634.622,100178.887,99406.754,99187.492,96482.453,1,99406.754,99009.16,Neutral
2025-02-09,96481.312,97325.281,94745.258,96500.094,27732901800,96999.309,100178.887,98589.098,99187.492,96500.094,-1,99406.754,99009.16,Neutral
2025-02-10,96499.461,98333.219,95320.844,97437.555,40078962391,96878.532,100178.887,98528.709,99187.492,97437.555,0,99406.754,99009.16,Neutral
2025-02-11,97438.133,98492.898,94875.039,95747.43,37488783272,96878.532,100178.887,98528.709,99187.492,95747.43,0,99406.754,99009.16,Neutral
2025-02-12,95745.695,98151.023,94101.203,97885.859,49340445530,97923.41,100178.887,99051.149,99187.492,97885.859,0,99406.754,99009.16,Neutral
2025-02-13,97888.75,98111.086,95269.711,96623.867,37147280860,97127.672,100178.887,98653.28,99187.492,96623.867,0,99406.754,99009.16,Neutral
2025-02-14,96623.367,98819.469,96342.805,97508.969,32697987277,97127.672,100178.887,98653.28,99187.492,97508.969,0,99406.754,99009.16,Neutral
2025-02-15,97508.383,97975.039,97240.195,97580.352,17047266288,97127.672,99211.907,98169.789,99187.492,97580.352,0,99406.754,99009.16,Neutral
2025-02-16,97580.492,97725.594,96060.977,96175.031,16536755396,96460.336,99170.719,97815.528,99187.492,96175.031,0,99406.754,99009.16,Neutral
2025-02-17,96179.008,97032.234,95243.547,95773.383,27336550690,96460.336,99170.719,97815.528,99187.492,95773.383,0,99406.754,99009.16,Neutral
2025-02-18,95773.812,96695.375,93388.836,95539.547,37325720482,96104.152,99170.719,97637.436,99187.492,95539.547,0,99406.754,99009.16,Neutral
2025-02-19,95532.531,96855.594,95011.969,96635.609,28990872862,96104.152,98830.828,97467.49,99187.492,96635.609,0,99406.754,99009.16,Bearish
2025-02-20,96632.68,98767.195,96442.672,98333.938,31668022771,96104.152,98830.828,97467.49,99187.492,98333.938,0,99406.754,99009.16,Bearish
2025-02-21,98340.672,99497.969,94852.961,96125.547,49608706470,96443.402,98830.828,97637.116,99187.492,96125.547,0,99406.754,99009.16,Bearish
2025-02-22,96134.203,96950.156,95765.344,96577.758,18353824477,96443.402,98830.828,97637.116,99187.492,96577.758,0,99406.754,99009.16,Bearish
2025-02-23,96577.805,96671.875,95270.453,96273.922,16999478976,96443.402,98830.828,97637.116,99187.492,96273.922,0,99406.754,99009.16,Bearish
2025-02-24,96277.961,96503.453,91371.742,91418.172,44046480529,95434.856,98830.828,97132.842,99187.492,91418.172,0,99406.754,99009.16,Bearish
2025-02-25,91437.117,92511.078,86008.234,88736.172,92139104128,92753.101,96017.293,94385.197,97561.558,88736.172,0,99406.754,99009.16,Bearish
2025-02-26,88638.891,89286.25,82131.898,84347.023,64597492134,90814.934,92443.812,91629.373,95623.391,84347.023,0,99406.754,99009.16,Bearish
2025-02-27,84076.859,87000.781,83144.961,84704.227,52659591954,90814.934,92323.035,91568.984,95623.391,84704.227,0,99406.754,99009.16,Bearish
2025-02-28,84705.625,85036.32,78248.914,84373.008,83610570576,88873.442,90381.543,89627.492,93681.899,84373.008,0,99406.754,99009.16,Bearish
2025-03-01,84373.867,86522.305,83794.234,86031.914,29190628396,88873.442,89997.266,89435.354,93681.899,86031.914,0,99406.754,99009.16,Bearish
2025-03-02,86036.258,95043.438,85040.211,94248.352,58398341092,87599.535,89201.528,88400.531,93681.899,94248.352,0,99406.754,99009.16,Bearish
2025-03-03,94248.422,94429.75,85081.305,86065.672,70072228536,87460.394,89201.528,88330.961,93681.899,86065.672,0,99406.754,99009.16,Bearish
2025-03-04,86064.07,88911.273,81529.242,87222.195,68095241474,87376.184,89201.528,88288.856,93681.899,87222.195,0,99406.754,99009.16,Bearish
2025-03-05,87222.953,90998.242,86379.773,90623.562,50498988027,86646.176,88873.442,87759.809,93681.899,90623.562,0,99406.754,99009.16,Bearish
2025-03-06,90622.359,92804.938,87852.141,89961.727,47749810486,86646.176,88873.442,87759.809,93681.899,89961.727,0,99406.754,99009.16,Bearish
2025-03-07,89963.281,91191.047,84717.68,86742.672,65945677657,86646.176,88873.442,87759.809,93681.899,86742.672,0,99406.754,99009.16,Bearish
2025-03-08,86742.656,86847.266,85247.484,86154.594,18206118081,86646.176,88873.442,87759.809,93681.899,86154.594,0,99406.754,99009.16,Bearish
2025-03-09,86154.305,86471.133,80052.484,80601.039,30899345977,87547.961,88873.442,88210.701,93681.899,80601.039,0,99406.754,99009.16,Bearish
2025-03-10,80597.148,83955.93,77420.594,78532.0,54061099422,86232.016,88459.282,87345.649,93267.738,78532.0,0,99406.754,99009.16,Bearish
2025-03-11,78523.875,83577.758,76624.25,82862.211,54702837196,85527.0,88061.109,86794.055,92869.566,82862.211,0,99406.754,99009.16,Bearish
2025-03-12,82857.375,84358.578,80635.25,83722.359,40353484454,84714.594,88061.109,86387.852,92869.566,83722.359,0,99406.754,99009.16,Bearish
2025-03-13,83724.922,84301.695,79931.852,81066.703,31412940153,84714.594,88061.109,86387.852,91902.586,81066.703,0,99406.754,99009.16,Bearish
2025-03-14,81066.992,85263.289,80797.562,83969.102,29588112414,84714.594,88061.109,86387.852,91861.399,83969.102,0,99406.754,99009.16,Bearish
2025-03-15,83968.406,84672.672,83639.594,84343.109,13650491277,83907.649,88061.109,85984.379,91861.399,84343.109,0,99406.754,99009.16,Bearish
2025-03-16,84333.32,85051.602,82017.906,82579.688,21330270174,81735.758,88061.109,84898.434,91861.399,82579.688,0,99406.754,99009.16,Bearish
2025-03-17,82576.336,84725.328,82492.156,84075.688,25092785558,81547.692,88061.109,84804.4,91521.508,84075.688,0,99406.754,99009.16,Bearish
2025-03-18,84075.719,84075.719,81179.992,82718.5,24095774594,80943.77,88061.109,84502.44,91521.508,82718.5,0,99406.754,99009.16,Bearish
2025-03-19,82718.805,87021.188,82569.727,86854.227,34931960257,81822.719,86787.203,84304.961,91521.508,86854.227,0,99406.754,99009.16,Bearish
2025-03-20,86872.953,87443.266,83647.195,84167.195,29028988961,83687.559,86648.062,85167.811,91521.508,84167.195,0,99406.754,99009.16,Bearish
2025-03-21,84164.539,84782.273,83171.07,84043.242,19030452299,83687.559,86563.851,85125.705,91521.508,84043.242,0,99406.754,99009.16,Bearish
2025-03-22,84046.258,84513.875,83674.781,83832.484,9863214091,84120.414,85833.844,84977.129,91521.508,83832.484,0,99406.754,99009.16,Bearish
2025-03-23,83831.898,86094.781,83794.914,86054.375,12594615537,84311.629,85833.844,85072.736,91325.301,86054.375,0,99406.754,99009.16,Bearish
2025-03-24,86070.93,88758.727,85541.195,87498.914,34582604933,84969.359,85833.844,85401.602,89689.988,87498.914,0,99406.754,99009.16,Bearish
2025-03-25,87512.82,88542.398,86346.078,87471.703,30005840049,84969.359,85833.844,85401.602,89569.211,87471.703,0,99406.754,99009.16,Bearish
2025-03-26,87460.234,88292.156,85861.453,86900.883,26704046038,84969.359,85833.844,85401.602,89569.211,86900.883,0,99406.754,99009.16,Bearish
2025-03-27,86896.258,87786.727,85837.938,87177.102,24413471941,85664.227,85833.844,85749.036,89184.934,87177.102,0,99406.754,99009.16,Bearish
2025-03-28,87185.234,87489.859,83557.641,84353.148,34198619509,85964.899,85527.0,85745.949,88389.196,84353.148,0,99406.754,99009.16,Bearish
2025-03-29,84352.07,84567.336,81634.141,82597.586,16969396135,85196.434,84714.594,84955.514,88389.196,82597.586,0,99406.754,99009.16,Bearish
2025-03-30,82596.984,83505.0,81573.25,82334.523,14763760943,85165.988,84714.594,84940.291,88389.196,82334.523,0,99406.754,99009.16,Bearish
2025-03-31,82336.062,83870.125,81293.891,82548.914,29004228247,85026.309,84714.594,84870.452,88061.109,82548.914,0,99406.754,99009.16,Bearish
2025-04-01,82551.922,85487.367,82429.359,85169.172,28175650319,85026.309,83907.649,84466.979,88061.109,85169.172,0,99406.754,99009.16,Bearish
2025-04-02,85180.609,88466.953,82343.539,82485.711,47584398470,84918.144,82691.488,83804.816,88061.109,82485.711,0,99406.754,99009.16,Bearish
2025-04-03,82487.477,83909.297,81282.102,83102.828,36852112080,84874.528,82691.488,83783.008,88061.109,83102.828,0,99406.754,99009.16,Bearish
2025-04-04,83100.25,84696.148,81670.75,83843.805,45157640207,84874.528,82691.488,83783.008,88061.109,83843.805,0,99406.754,99009.16,Bearish
2025-04-05,83844.703,84207.016,82377.734,83504.797,14380803631,84874.528,82691.488,83783.008,88061.109,83504.797,0,99406.754,99009.16,Bearish
2025-04-06,83504.508,83704.719,77097.742,78214.484,36294853736,82782.348,82928.234,82855.291,88061.109,78214.484,0,99406.754,99009.16,Bearish
2025-04-07,78221.336,81119.062,74436.68,79235.336,91262424987,81451.816,81597.704,81524.76,86967.324,79235.336,0,99406.754,99009.16,Bearish
2025-04-08,79218.477,80823.891,76198.023,76271.953,48314590749,81451.816,81597.704,81524.76,86967.324,76271.953,0,99406.754,99009.16,Bearish
2025-04-09,76273.562,83541.0,74589.672,82573.953,84213627038,81451.816,81597.704,81524.76,86967.324,82573.953,0,99406.754,99009.16,Bearish
2025-04-10,82565.977,82700.93,78456.133,79626.141,44718000633,81451.816,81597.704,81524.76,86967.324,79626.141,0,99406.754,99009.16,Bearish
2025-04-11,79625.047,84247.477,78936.32,83404.836,41656778779,79566.414,81597.704,80582.059,86967.324,83404.836,0,80582.059,99406.754,Neutral
2025-04-12,83404.516,85856.188,82769.375,85287.109,24258059104,80146.434,81597.704,80872.069,86967.324,85287.109,0,80582.059,99406.754,Neutral
2025-04-13,85279.469,86015.188,83027.008,83684.977,28796984817,80225.934,81597.704,80911.819,86967.324,83684.977,0,80582.059,99406.754,Neutral
2025-04-14,83694.523,85785.0,83690.641,84542.391,34090769777,80225.934,81597.704,80911.819,85693.418,84542.391,0,80582.059,99406.754,Neutral
2025-04-15,84539.695,86429.352,83598.82,83668.992,28040322885,80433.016,81597.704,81015.36,85554.278,83668.992,0,80582.059,99406.754,Neutral
2025-04-16,83674.508,85428.281,83100.617,84033.867,29617804112,80509.512,81597.704,81053.608,85470.066,84033.867,0,80582.059,99406.754,Neutral
2025-04-17,84030.672,85449.07,83749.75,84895.75,21276866029,80509.512,81597.704,81053.608,84740.059,84895.75,0,80582.059,99406.754,Neutral
2025-04-18,84900.188,85095.047,84298.883,84450.805,12728372364,82442.742,81597.704,82020.223,84740.059,84450.805,0,80582.059,99406.754,Neutral
2025-04-19,84450.867,85597.703,84353.461,85063.414,15259300427,82682.836,81489.539,82086.188,84740.059,85063.414,0,80582.059,99406.754,Neutral
2025-04-20,85066.07,85306.383,83976.844,85174.305,14664050812,84599.364,81451.816,83025.59,84740.059,85174.305,0,80582.059,99406.754,Neutral
2025-04-21,85171.539,88460.094,85143.836,87518.906,41396190190,85743.551,81451.816,83597.684,84740.059,87518.906,0,80582.059,99406.754,Neutral
2025-04-22,87521.875,93817.383,87084.531,93441.891,55899038456,88459.0,84127.032,86293.016,84740.059,93441.891,1,80582.059,99406.754,Neutral
2025-04-23,93427.586,94535.734,91962.961,93699.109,41719568821,88818.176,84486.207,86652.191,84486.207,93699.109,0,80582.059,99406.754,Neutral
2025-04-24,93692.398,94016.195,91696.711,93943.797,31483175315,88818.176,84486.207,86652.191,84486.207,93943.797,0,80582.059,99406.754,Neutral
2025-04-25,93954.25,95768.391,92898.594,94720.5,40915232364,89759.07,85102.536,87430.803,85102.536,94720.5,0,80582.059,99406.754,Neutral
2025-04-26,94714.648,95251.359,93927.25,94646.93,17612825123,89872.618,85102.536,87487.576,85102.536,94646.93,0,80582.059,99406.754,Neutral
2025-04-27,94660.906,95301.203,93665.398,93754.844,18090367764,89872.618,85102.536,87487.576,85102.536,93754.844,0,80582.059,99406.754,Neutral
2025-04-28,93755.305,95598.492,92860.805,94978.75,32363449569,89872.618,85102.536,87487.576,85102.536,94978.75,0,80582.059,99406.754,Neutral
2025-04-29,94981.859,95485.414,93796.633,94284.789,25806129921,90456.114,85102.536,87779.324,85102.536,94284.789,0,80582.059,99406.754,Neutral
2025-04-30,94286.469,95249.32,92979.641,94207.312,28344679831,91426.461,85102.536,88264.498,85102.536,94207.312,0,80582.059,99406.754,Neutral
2025-05-01,94212.859,97437.961,94153.633,96492.336,32875889623,94567.336,85937.32,90252.328,85937.32,96492.336,0,80582.059,99406.754,Neutral
2025-05-02,96494.969,97905.898,96375.945,96910.07,26421924677,94801.304,86171.289,90486.297,86171.289,96910.07,0,80582.059,99406.754,Neutral
2025-05-03,96904.633,96943.883,95821.289,95891.797,15775154889,95383.351,86247.785,90815.568,86171.289,95891.797,0,80582.059,99406.754,Neutral
2025-05-04,95877.188,96318.922,94173.43,94315.977,18198688416,95383.351,86247.785,90815.568,86171.289,94315.977,0,80582.059,99406.754,Neutral
2025-05-05,94319.562,95193.188,93566.266,94748.055,25816260327,95383.351,88181.016,91782.184,86171.289,94748.055,0,80582.059,99406.754,Neutral
2025-05-06,94748.383,96889.18,93399.859,96802.477,26551275827,95383.351,88421.109,91902.23,86171.289,96802.477,0,80582.059,99406.754,Neutral
2025-05-07,96800.195,97625.805,95829.336,97032.32,76983822462,95442.77,90337.636,92890.203,86171.289,97032.32,0,80582.059,99406.754,Neutral
2025-05-08,97034.25,103969.539,96913.875,103241.461,69895404397,98474.59,93498.274,95986.432,89203.109,103241.461,0,80582.059,99406.754,Neutral
2025-05-09,103239.125,104297.492,102343.094,102970.852,58198593958,98848.676,93699.054,96273.865,89367.086,102970.852,0,80582.059,99406.754,Neutral
2025-05-10,102973.711,104961.766,102830.484,104696.328,42276713994,99180.812,94031.192,96606.002,89699.223,104696.328,0,80582.059,99406.754,Neutral
2025-05-11,104701.07,104937.992,103364.742,104106.359,46285517406,99180.812,94031.192,96606.002,89699.223,104106.359,0,80582.059,99406.754,Neutral
2025-05-12,104106.961,105747.453,100814.406,102812.953,63250475404,99573.656,94748.601,97161.129,90092.066,102812.953,0,80582.059,99406.754,Neutral
2025-05-13,102812.492,104997.422,101515.094,104169.812,52608876410,99573.656,94862.148,97217.902,90092.066,104169.812,0,80582.059,99406.754,Neutral
2025-05-14,104167.328,104303.562,102618.297,103539.414,45956071155,99573.656,94862.148,97217.902,90092.066,103539.414,0,80582.059,99406.754,Neutral
2025-05-15,103538.828,104153.617,101440.812,103744.641,50408241840,100788.394,94862.148,97825.272,90092.066,103744.641,0,80582.059,99406.754,Neutral
2025-05-16,103735.656,104533.484,103137.477,103489.289,44386499364,101330.664,95445.644,98388.154,90092.066,103489.289,0,80582.059,99406.754,Neutral
2025-05-17,103489.289,103716.945,102659.18,103191.086,37898552742,103280.93,96415.992,99848.461,90092.066,103191.086,0,80582.059,99406.754,Neutral
2025-05-18,103186.953,106597.172,103142.602,106446.008,49887082058,103705.789,99146.942,101426.365,90516.926,106446.008,0,80582.059,99406.754,Neutral
2025-05-19,106430.531,107068.719,102112.688,105606.18,61761126647,103941.562,99382.715,101662.139,90752.699,105606.18,0,80582.059,99406.754,Neutral
2025-05-20,105605.406,107307.117,104206.516,106791.086,36515726122,104060.762,100083.961,102072.361,90871.898,106791.086,0,80582.059,99406.754,Bullish
2025-05-21,106791.312,110724.461,106127.234,109678.078,78086364051,106082.636,101792.633,103937.635,92580.57,109678.078,0,80582.059,99406.754,Bullish
2025-05-22,109673.492,111970.172,109285.07,111673.281,70157575642,106705.492,102415.488,104560.49,93203.426,111673.281,0,80582.059,99406.754,Bullish
2025-05-23,111679.359,111798.906,106841.305,107287.797,67548133399,106705.492,102415.488,104560.49,93203.426,107287.797,0,80582.059,99406.754,Bullish
2025-05-24,107278.508,109454.523,106895.289,107791.156,45903627163,107041.43,102474.907,104758.168,93203.426,107791.156,0,80582.059,99406.754,Bullish
2025-05-25,107802.273,109313.305,106683.375,109035.391,47518041841,107041.43,102474.907,104758.168,93203.426,109035.391,0,80582.059,99406.754,Bullish
2025-05-26,109023.781,110376.883,108735.641,109440.367,45950461571,107041.43,102685.016,104863.223,93203.426,109440.367,0,80582.059,99406.754,Bullish
2025-05-27,109440.406,110744.211,107609.555,108994.641,57450176272,107041.43,102685.016,104863.223,93203.426,108994.641,0,80582.059,99406.754,Bullish
2025-05-28,108992.172,109298.289,106812.93,107802.328,49155377493,108088.344,102685.016,105386.68,93203.426,107802.328,0,80582.059,99406.754,Bullish
2025-05-29,107795.57,108910.047,105374.398,105641.758,56022752042,108672.285,102685.016,105678.65,93279.922,105641.758,0,80582.059,99406.754,Bullish
2025-05-30,105646.211,106308.945,103685.789,103998.57,57655287183,107827.98,102685.016,105256.498,93279.922,103998.57,0,80582.059,99406.754,Bullish
2025-05-31,103994.719,104927.102,103136.117,104638.094,38997843858,107467.512,102685.016,105076.264,95213.152,104638.094,0,80582.059,99406.754,Bullish
2025-06-01,104637.297,105884.547,103826.953,105652.102,37397056873,106940.164,103899.754,105419.959,95453.246,105652.102,0,80582.059,99406.754,Bullish
2025-06-02,105649.812,105958.312,103727.547,105881.531,45819706290,106940.164,104442.024,105691.094,97369.774,105881.531,0,80582.059,99406.754,Bullish
2025-06-03,105888.477,106813.578,104920.844,105432.469,46196508367,106940.164,106392.289,106666.226,97498.59,105432.469,0,106666.226,80582.059,Neutral
2025-06-04,105434.367,105997.695,104232.703,104731.984,44544857105,106940.164,106392.289,106666.226,97535.394,104731.984,0,106666.226,80582.059,Neutral
2025-06-05,104750.781,105936.688,100436.883,101575.953,57479298400,104867.586,106203.528,105535.557,97535.394,101575.953,0,106666.226,80582.059,Neutral
2025-06-06,101574.367,105376.773,101169.57,104390.344,48856653697,104673.465,106203.528,105438.496,97535.394,104390.344,0,106666.226,80582.059,Neutral
2025-06-07,104390.648,105972.758,103987.312,105615.625,38365033776,103625.23,106203.528,104914.379,97859.961,105615.625,0,106666.226,80582.059,Neutral
2025-06-08,105617.508,106497.062,105075.328,105793.648,36626232328,103625.23,106203.528,104914.379,97973.508,105793.648,0,106666.226,80582.059,Neutral
2025-06-09,105793.023,110561.422,105400.234,110294.102,55903193732,105499.152,106203.528,105851.34,97973.508,110294.102,0,106666.226,80582.059,Neutral
2025-06-10,110295.688,110380.125,108367.711,110257.234,54700101509,105499.152,106203.528,105851.34,97973.508,110257.234,0,106666.226,80582.059,Neutral
2025-06-11,110261.797,110384.219,108086.328,108686.625,50842662052,105499.152,106203.528,105851.34,98557.004,108686.625,0,106666.226,80582.059,Neutral
2025-06-12,108685.914,108780.695,105785.688,105929.055,54843867968,105499.152,106203.528,105851.34,99527.352,105929.055,0,106666.226,80582.059,Neutral
2025-06-13,105924.594,106182.547,102822.023,106090.969,69550440846,105499.152,106203.528,105851.34,101833.442,106090.969,0,106666.226,80582.059,Neutral
2025-06-14,106108.086,106203.758,104379.367,105472.406,38007870453,105865.496,106203.528,106034.512,101833.442,105472.406,0,106666.226,80582.059,Neutral
2025-06-15,105464.844,106157.102,104519.883,105552.023,36744307742,106691.722,106203.528,106447.625,102415.488,105552.023,0,106666.226,80582.059,Neutral
2025-06-16,105555.594,108915.375,104997.625,106796.758,50366626945,106691.722,106203.528,106447.625,102415.488,106796.758,0,106666.226,80582.059,Neutral
2025-06-17,106794.117,107750.195,103396.531,104601.117,55964092176,106691.722,106117.894,106404.808,102415.488,104601.117,0,106666.226,80582.059,Neutral
2025-06-18,104602.07,105581.852,103602.266,104883.328,47318089133,106603.121,105590.547,106096.834,102415.488,104883.328,0,106666.226,80582.059,Neutral
2025-06-19,104886.773,105250.891,103940.773,104684.289,37333806920,106603.121,105590.547,106096.834,102474.907,104684.289,0,106666.226,80582.059,Neutral
2025-06-20,104681.031,106539.383,102372.211,103309.602,50951862476,105643.793,105590.547,105617.17,102474.907,103309.602,0,106666.226,80582.059,Neutral
2025-06-21,103315.078,104015.781,100973.062,102257.406,38360555118,104944.218,105590.547,105267.383,102685.016,102257.406,0,106666.226,80582.059,Neutral
2025-06-22,102212.031,103351.633,98286.203,100987.141,65536997201,103600.789,104423.812,104012.301,102685.016,100987.141,0,106666.226,80582.059,Neutral
2025-06-23,100987.477,106116.859,99705.75,105577.773,65237759656,103600.789,104423.812,104012.301,102685.016,105577.773,0,106666.226,80582.059,Neutral
2025-06-24,105571.516,106316.828,104740.242,106045.633,48822986421,103600.789,104423.812,104012.301,102685.016,106045.633,0,106666.226,80582.059,Neutral
2025-06-25,106047.406,108168.398,105881.391,107361.258,51624120283,103227.3,104423.812,103825.556,102685.016,107361.258,0,106666.226,80582.059,Neutral
2025-06-26,107375.07,108305.547,106666.352,106960.0,43891990613,103295.875,104423.812,103859.844,102685.016,106960.0,0,106666.226,80582.059,Neutral
2025-06-27,106954.922,107772.469,106449.992,107088.43,45353692675,103295.875,104423.812,103859.844,103899.754,107088.43,-1,103859.844,106666.226,Neutral
2025-06-28,107090.547,107567.883,106883.977,107327.703,30037708335,103295.875,104423.812,103859.844,104442.024,107327.703,0,103859.844,106666.226,Neutral
2025-06-29,107327.82,108526.305,107230.109,108385.57,35534874438,103406.254,104423.812,103915.033,105128.188,108385.57,0,103859.844,106666.226,Neutral
2025-06-30,108383.438,108798.789,106759.648,107135.336,42064804590,103542.496,104423.812,103983.154,105128.188,107135.336,0,103859.844,106666.226,Neutral
2025-07-01,107144.383,107550.68,105270.227,105698.281,44110692247,104252.27,104423.812,104338.041,105128.188,105698.281,0,103859.844,106666.226,Neutral
2025-07-02,105703.102,109763.656,105157.398,108859.32,56248657737,107251.949,104423.812,105837.881,105128.188,108859.32,1,103859.844,106666.226,Neutral
2025-07-03,108845.016,110541.461,108605.797,109647.977,50494742270,107849.43,104423.812,106136.621,105128.188,109647.977,0,103859.844,106666.226,Neutral
2025-07-04,109635.656,109751.984,107296.383,108034.336,42616442656,107849.43,104423.812,106136.621,105128.188,108034.336,0,103859.844,106666.226,Neutral
2025-07-05,108015.836,108381.344,107842.273,108231.18,30615537520,107849.43,104413.832,106131.631,105128.188,108231.18,0,103859.844,106666.226,Neutral
2025-07-06,108231.188,109731.625,107847.016,109232.07,36746020463,107849.43,104413.832,106131.631,105128.188,109232.07,0,103859.844,106666.226,Neutral
2025-07-07,109235.328,109710.25,107527.055,108299.852,45415696597,107849.43,104413.832,106131.631,105128.188,108299.852,0,103859.844,106666.226,Neutral
2025-07-08,108298.227,109198.969,107499.555,108950.273,44282204127,107849.43,104413.832,106131.631,105128.188,108950.273,0,103859.844,106666.226,Neutral
2025-07-09,108950.273,111925.375,108357.68,111326.555,57927418065,108541.386,105105.789,106823.588,105128.188,111326.555,0,106823.588,103859.844,Neutral
2025-07-10,111301.766,111495.141,110968.484,111336.508,61966139392,108541.386,105105.789,106823.588,105128.188,111336.508,0,106823.588,103859.844,Neutral
